{
	"description": "项目配置文件",
	"packOptions": {
		"ignore": []
	},
	"setting": {
		"urlCheck": false,
		"es6": true,
		"enhance": false,
		"postcss": true,
		"preloadBackgroundData": false,
		"minified": true,
		"newFeature": false,
		"coverView": true,
		"nodeModules": false,
		"autoAudits": false,
		"showShadowRootInWxmlPanel": true,
		"scopeDataCheck": false,
		"uglifyFileName": false,
		"checkInvalidKey": true,
		"checkSiteMap": true,
		"uploadWithSourceMap": true,
		"babelSetting": {
			"ignore": [],
			"disablePlugins": [],
			"outputPath": ""
		},
		"bundle": false,
		"useCompilerModule": false,
		"userConfirmedUseCompilerModuleSwitch": false,
		"compileHotReLoad": false,
		"useMultiFrameRuntime": true,
		"useApiHook": true,
		"useApiHostProcess": false,
		"enableEngineNative": false,
		"useIsolateContext": true,
		"userConfirmedBundleSwitch": false,
		"packNpmManually": false,
		"packNpmRelationList": [],
		"minifyWXSS": true
	},
	"compileType": "miniprogram",
	"libVersion": "2.16.0",
	"appid": "wx4a1a4e98529c0b34",
	"projectname": "PAYHSJB",
	"debugOptions": {
		"hidedInDevtools": []
	},
	"scripts": {},
	"staticServerOptions": {
		"baseURL": "",
		"servePath": ""
	},
	"isGameTourist": false,
	"simulatorType": "wechat",
	"simulatorPluginLibVersion": {},
	"condition": {
		"search": {
			"list": []
		},
		"conversation": {
			"list": []
		},
		"game": {
			"list": []
		},
		"plugin": {
			"list": []
		},
		"gamePlugin": {
			"list": []
		},
		"miniprogram": {
			"list": []
		}
	}
}